"名称","住所または検索語","ステータス","種別","電話","メモ"
"しゅしゅ（パン屋）","しゅしゅ（パン屋）","設置済","お店","","行きつけで通った1件目"
"珈琲豆焙煎所 ロースターズクラブ","珈琲豆焙煎所 ロースターズクラブ","設置済","お店","",""
"あすぴあ（市民活動支援センター）","小平市小川東町4-2-1 元気村おがわ東2F","設置済","公共","042-348-2104","ラック・廊下掲示板"
"おひさまひろば（子ども家庭支援センター）","小平市小川東町4-2-1 元気村おがわ東2F","設置済","公共","042-348-2100",""
"多摩六都科学館","西東京市芝久保町5-10-64","設置済","おでかけ先","042-469-6100","プレスリリースがメールで届く関係"
"ルネこだいら（市民文化会館）","小平市美園町1-8-5","設置済","公共","042-345-5111","子ども向けプレスリリースを郵送してくれる"
"花小金井南公民館","小平市花小金井南町2-12-6","設置済","公共","042-461-0861",""
"市民協働・男女参画推進課（地域センター20館＋元気村）","小平市市役所1階","設置済","公共","042-346-9618","毎月1日ごろ・中旬の2便"
"こども若者みらい課（児童館3館）","こども若者みらい課（児童館3館）","設置済","公共","042-348-2102","はなみん・おがいち・おがにん"
"こども家庭センター 母子保健（保健師の新生児訪問）","小平市学園東町1-19-12 健康センター","設置済","公共","042-346-3701","棚は一律NG→訪問で手渡し"
"ビッグ・エー 小平鈴木店","小平市鈴木町1-345-5","設置済","お店","",""
"小平みどり幼稚園（みどりこども園）","小平市鈴木町1-341","設置済","幼稚園・こども園","042-342-2215","E151 園庭開放"
"みんデパ事務局（11/21 東部公園）","みんデパ事務局（11/21 東部公園）","設置済","イベント","","9/29 代表の森さんと会って口頭でOK。朝のお手伝いを少し引き受けた"
"りんどう幼稚園","小平市花小金井1-26-34","交渉中","幼稚園・こども園","042-462-3133","E150 にこにこクラブ。一園に偏らない書き方を理解済み"
"ダイワ住友（不動産）","ダイワ住友（不動産）","交渉中","不動産","","9/3 打診"
"そのだ不動産","そのだ不動産","交渉中","不動産","","9/3 打診"
"小川パレットラボ（市民協働課の場）","小平市小川西町中宿地域センター","交渉中","公共","070-8683-9652","お願いは10/14以降"
"料理教室なつやすみ（露崎さん）","料理教室なつやすみ（露崎さん）","交渉中","お店","","協賛 L9"
"にことカフェ","にことカフェ","交渉中","お店","","E133"
"こぐま（koguma-waccacca）","こぐま（koguma-waccacca）","交渉中","お店","",""
"小平マルシェ","小平マルシェ","交渉中","イベント","",""
"ASA（おしゃべり屋さん）","ASA（おしゃべり屋さん）","交渉中","お店","","協賛 L10"
"都立小金井公園","都立小金井公園","断られた","おでかけ先","042-385-5611","たてもの園も都立＝同じ見込み"
"保育課（全園一括）","保育課（全園一括）","断られた","公共","042-346-9645",""
"小平商工会","小平商工会","断られた","団体","042-344-2311",""
"男女共同参画センター ひらく（窓口）","男女共同参画センター ひらく（窓口）","断られた","公共","042-348-2112",""
"小平花小金井幼稚園（こども園・さくらんぼ保育園）","小平市花小金井2-9-11","候補","幼稚園・こども園","042-461-9226","9/25 遠足で不在→「来週かけて」。E151 hanahanaひろば"
"比留間医院（内科・小児科）","小平市花小金井1-9-15","候補","小児科","042-461-1636","docs/clinic-6-script.md"
"花小金井駅前こどもクリニック","小平市花小金井1-10-11 875ビル201","候補","小児科","042-465-2255",""
"どんぐりこどもクリニック花小金井","小平市花小金井南町2-21-7","候補","小児科","042-465-2288",""
"こだいら観光まちづくり協会","小平市学園東町1-16-1","候補","団体","042-312-3954","ルネこだいらの財団も会員"
"はなこキッズクリニック","小平市鈴木町2-865-97","候補","小児科","042-401-1230","ガイドP14・番号は冊子の広告から。かける前に公式で確認"
"遠藤こどもクリニック","小平市大沼町1-21-8","候補","小児科","042-343-0066","ガイドP19・番号は冊子の広告から。かける前に公式で確認"
"カラムンの森こどもクリニック","小平市小川町2-1210","候補","小児科","042-313-4455","ガイドP20・番号は冊子の広告から。かける前に公式で確認"
"ちあきこどもクリニック","小平市栄町2-3-7","候補","小児科","042-349-2012","ガイドP4・番号は冊子の広告から。かける前に公式で確認"
"鈴木小児科内科医院","小平市学園西町2-11-28","候補","小児科","042-341-0353","ガイドP19・番号は冊子の広告から。かける前に公式で確認"
"たかの台こどもクリニック","小平市津田町1-3-8","候補","小児科","042-345-2525",""
"岡部こどもクリニック","小平市小川町1-512-12","候補","小児科","042-349-1152",""
"くろさわ子どもクリニック","くろさわ子どもクリニック","候補","小児科","042-323-9630",""
"がんぼクリニック（小児科・耳鼻科）","がんぼクリニック（小児科・耳鼻科）","候補","小児科","042-465-8774",""
"花小金井北クリニック","小平市花小金井2-2-13","候補","小児科","042-467-2477",""
"松清医院","小平市花小金井3-5-40","候補","小児科","042-463-8128",""
"八木メディカルクリニック","小平市花小金井6-17-5","候補","小児科","042-460-3861",""
"竹本内科小児科医院","小平市鈴木町2-205","候補","小児科","042-461-7303",""
"大林医院","小平市鈴木町2-242-4","候補","小児科","042-461-7677",""
"清水小児科内科医院","小平市大沼町4-43-32","候補","小児科","042-343-2255",""
"吉元医院","吉元医院","候補","小児科","042-461-5975",""
"ふくろうの森クリニック","ふくろうの森クリニック","候補","小児科","042-462-2960","ガイドP17"
"はなここどもの歯のクリニック（小児歯科専門）","はなここどもの歯のクリニック（小児歯科専門）","候補","歯科","042-452-5725","ガイドP71"
"とみた歯科医院（小児歯科専門医）","小平市花小金井1-8-6","候補","歯科","042-460-0418",""
"神津歯科医院","小平市花小金井2-1-1 ルミエール花小金井2F","候補","歯科","042-467-1164","ガイドP18"
"SHO DENTAL Salon","小平市花小金井1-10-11 875ビル302","候補","歯科","042-452-3758",""
"三珠歯科医院","小平市花小金井南町1-12-2","候補","歯科","042-465-8118",""
"奥村歯科医院","小平市花小金井1-12-2","候補","歯科","042-467-0311",""
"ヒロ歯科","小平市花小金井5-52-10","候補","歯科","042-451-7676",""
"なかじま歯科医院","小平市花小金井南町1-14-22","候補","歯科","042-451-3561",""
"とおる歯科クリニック","小平市花小金井南町1-13-15","候補","歯科","042-466-0086",""
"影山歯科医院","小平市花小金井4-13-11","候補","歯科","042-467-8241",""
"しみず歯科クリニック","小平市花小金井南町1-26-6","候補","歯科","042-462-2211",""
"つるた歯科医院","小平市花小金井2-31-15","候補","歯科","042-466-6088",""
"ほんま歯科医院","小平市鈴木町1-462-5","候補","歯科","042-320-8241",""
"青木歯科クリニック","小平市鈴木町2-846-29","候補","歯科","042-383-2648",""
"おのさと歯科","小平市美園町2-19-17","候補","歯科","042-313-4180",""
"一橋学園歯科","一橋学園歯科","候補","歯科","042-345-8181",""
"中澤歯科医院","中澤歯科医院","候補","歯科","042-341-0025",""
"ルミネス歯科クリニック","ルミネス歯科クリニック","候補","歯科","042-313-6664",""
"こころ歯科クリニック（キッズスペース）","こころ歯科クリニック（キッズスペース）","候補","歯科","","kokoroshika.com"
"米満歯科医院（キッズルーム）","米満歯科医院（キッズルーム）","候補","歯科","","yonemitsushika.com"
"ジュンレディースクリニック小平（産婦人科）","小平市喜平町1-14-20","候補","産科・助産","042-329-4103","産後ケア入院の委託先"
"中野産婦人科医院","小平市津田町1-4-8","候補","産科・助産","042-341-6565",""
"ペルフェ滝山マタニティクリニック","東久留米市","候補","産科・助産","042-477-3508","東久留米"
"花小金井レディースクリニック","小平市花小金井南町1-19-3 SORA1階","候補","産科・助産","042-497-5218",""
"矢島助産院（小平市 産後ケア委託）","矢島助産院（小平市 産後ケア委託）","候補","産科・助産","",""
"ここみ助産所","西東京市","候補","産科・助産","","西東京"
"たんぽぽ病児保育室","たんぽぽ病児保育室","候補","子育て支援","042-312-3326",""
"e-アクア薬局","e-アクア薬局","候補","薬局","042-343-5920",""
"駅前こどもクリニックの門前薬局","小平市花小金井1-10-11付近","候補","薬局","",""
"弥生台幼稚園","小平市花小金井4-9-20","候補","幼稚園・こども園","042-473-2525","市の公式一覧（認定こども園・私立幼稚園）"
"ひめゆりこども園・小平姫百合幼稚園","小平市上水新町1-5-15","候補","幼稚園・こども園","042-343-1832","市の公式一覧（認定こども園・私立幼稚園）"
"まるやまこども園・丸山幼稚園","小平市小川東町1-29-21","候補","幼稚園・こども園","042-341-0935","市の公式一覧（認定こども園・私立幼稚園）"
"めぐみこども園・小平学園幼稚園","小平市学園東町1-2-41","候補","幼稚園・こども園","042-341-0228","市の公式一覧（認定こども園・私立幼稚園）"
"小平神明こども園・小平神明幼稚園","小平市小川町1-2572","候補","幼稚園・こども園","042-341-0938","市の公式一覧（認定こども園・私立幼稚園）"
"白梅学園大学附属白梅幼稚園","小平市小川町1-830","候補","幼稚園・こども園","042-343-1335","市の公式一覧（認定こども園・私立幼稚園）"
"たかのだい幼稚園","小平市上水本町1-21-3","候補","幼稚園・こども園","042-323-3232","市の公式一覧（認定こども園・私立幼稚園）"
"なおび幼稚園","小平市上水本町4-21-1","候補","幼稚園・こども園","042-321-4671","市の公式一覧（認定こども園・私立幼稚園）"
"小平あおば幼稚園","小平市上水南町2-8-15","候補","幼稚園・こども園","042-323-2727","市の公式一覧（認定こども園・私立幼稚園）"
"洗心幼稚園","小平市学園西町2-21-9","候補","幼稚園・こども園","042-341-3200","市の公式一覧（認定こども園・私立幼稚園）"
"小平なみき幼稚園","小平市仲町306-3","候補","幼稚園・こども園","042-341-3810","市の公式一覧（認定こども園・私立幼稚園）"
"小平若竹幼稚園","小平市回田町122-3","候補","幼稚園・こども園","042-321-4072","市の公式一覧（認定こども園・私立幼稚園）"
"花小金井愛育園","小平市花小金井1-26-10","候補","保育園","042-461-9549",""
"Gakkenほいくえん花小金井","小平市花小金井3-1-21-1","候補","保育園","042-451-7020",""
"しあわせの森保育園","小平市花小金井南町1-6-20","候補","保育園","042-497-5678",""
"ドリームキッズ花南保育園","小平市花小金井南町1-8-10","候補","保育園","042-465-6610",""
"あゆみの森保育園","小平市花小金井南町2-3-19","候補","保育園","042-420-2870",""
"小平花小金井雲母保育園","小平市花小金井南町2-10-40","候補","保育園","042-452-2520",""
"白梅保育園","小平市花小金井南町2-12-5","候補","保育園","042-466-2015",""
"花小金井おひさま保育園","小平市花小金井南町3-34-49","候補","保育園","042-452-9913",""
"花小金井にこにこ保育園","小平市花小金井4-11-22","候補","保育園","042-452-2205",""
"はなこがねい保育園","小平市花小金井5-41-11","候補","保育園","042-452-7736",""
"アスク花小金井保育園","小平市花小金井6-16-3","候補","保育園","042-452-0107",""
"このはな保育園","小平市花小金井7-27-1","候補","保育園","042-497-5327",""
"まなびの森保育園花小金井","小平市回田町315-7","候補","保育園","042-401-0880",""
"美園おひさま保育園","小平市美園町3-18-11","候補","保育園","042-386-4833",""
"こぶし保育園","小平市鈴木町1-148","候補","保育園","042-344-1717",""
"すずのき台保育園","小平市鈴木町1-166-1","候補","保育園","042-313-6355",""
"プチ・ふたば保育園","小平市鈴木町1-344","候補","保育園","042-341-2222",""
"やさしい森保育園","小平市鈴木町1-463-1","候補","保育園","042-312-0894",""
"うれしい森保育園","小平市鈴木町2-147-10","候補","保育園","042-439-5509",""
"うめのき保育園","小平市鈴木町2-186-4","候補","保育園","042-497-6152",""
"こだすずコスモ保育園","小平市鈴木町2-621-21","候補","保育園","042-388-3130",""
"すこやかな森保育園","小平市鈴木町2-865-8","候補","保育園","042-316-1310",""
"ひめゆり保育園","小平市天神町2-6-1","候補","保育園","042-345-7322",""
"てんじん保育園","小平市天神町2-11-26","候補","保育園","042-313-5030",""
"たのしい森保育園","小平市小川町1-3004-5","候補","保育園","042-313-5960",""
"まなびの森保育園新小平","小平市小川町2-1316-1","候補","保育園","042-347-3231",""
"まるやま保育園","小平市小川東町1-32-13","候補","保育園","042-312-1995",""
"小平にこにこ保育園","小平市小川東町1-38-18","候補","保育園","042-344-8181",""
"れんげ萩山保育園","小平市小川東町4-3-18","候補","保育園","042-344-1486",""
"にじいろ保育園上水本町","小平市上水本町4-11-9","候補","保育園","042-359-4815",""
"小平一橋学園雲母保育園","小平市喜平町1-1-2","候補","保育園","042-300-4111",""
"小平どろんこ保育園","小平市津田町3-33-13","候補","保育園","042-312-3058",""
"よつぎ第三保育園","小平市津田町3-25-10","候補","保育園","042-345-5044",""
"ふれあいの森保育園","小平市学園西町2-9-17","候補","保育園","042-312-3922",""
"小平学園西雲母保育園","小平市学園西町3-27-14","候補","保育園","042-349-8221",""
"ゆたか保育園","小平市学園東町575-35","候補","保育園","042-341-2832",""
"学園まるやま保育園","小平市学園東町2-6-35","候補","保育園","042-313-2130",""
"なかまち保育園","小平市仲町7-19","候補","保育園","042-313-2367",""
"小平なみき保育園","小平市仲町304-1","候補","保育園","042-344-2030",""
"仲町にこにこ保育園","小平市仲町351-38","候補","保育園","042-344-8118",""
"ゆりのこ保育園","小平市仲町521","候補","保育園","042-312-1901","ゆりのこ保育園は駅広告を出している（協賛候補 L2）"
"コビープリスクールこだいら","小平市大沼町1-3-8","候補","保育園","042-312-3801",""
"中央図書館（市立図書館8館の元締め）","小平市小川町2-1325","候補","公共","042-345-1246","図書館は20館の系統に入っていない"
"花小金井図書館（東部市民センター内）","小平市花小金井1-8-1","候補","公共","042-467-1215","東部出張所も同じ建物"
"中央公民館（公民館11館の元締め）","小平市小川町2-1325","候補","公共","042-341-0861",""
"花小金井北公民館（図書館分室あり）","小平市花小金井5-41-3","候補","公共","042-462-5790",""
"こども広場（市内6か所・さわやか館ほか）","小平市花小金井4-21-2（さわやか館）","候補","子育て支援","042-346-9821","0歳〜中学生の遊び場。運営は委託"
"ファミリー・サポート・センター","小平市小川東町4-2-1 元気村おがわ東2F","候補","子育て支援","042-348-1780",""
"こだいら子育てガイド（担当課）","小平市市役所2階","候補","公共","042-346-9821","母子手帳バッグに同封＝全数"
"小平市社会福祉協議会（こども食堂の窓口）","小平市学園東町1-19-13","候補","団体","042-344-1217","生活相談支援センター 042-349-0151"
"白梅学園大学 子ども学研究所","小平市小川町1-830","候補","大学・団体","042-342-2311",""
"花小金井商栄会 事務局","花小金井商栄会 事務局","候補","商店会","","通れば加盟店に一気に"
"せいぶ通り商店会（日吉屋豆腐店）","小平市花小金井南町2-17-1","候補","商店会","042-462-5626","docs/distribution.md に台本"
"コープ花小金井店","コープ花小金井店","候補","お店","",""
"小平市立小学校PTA連合会","小平市立小学校PTA連合会","候補","大学・団体","","連絡はフォームのみ"
"イトマンスイミングスクール小平校","イトマンスイミングスクール小平校","候補","習い事","042-341-1500","ガイドP9・ガイド広告主"
"安倍みを子バレエスタジオ","安倍みを子バレエスタジオ","候補","習い事","042-345-0334","駅広告・ガイド広告主（協賛 L1）"
"バレエスタジオ クロレ","バレエスタジオ クロレ","候補","習い事","042-468-1688","ガイド広告主"
"YT TENNIS SCHOOL","YT TENNIS SCHOOL","候補","習い事","042-325-9282","ガイド広告主"
"ウィズダムアカデミー小平校（民間学童）","ウィズダムアカデミー小平校（民間学童）","候補","習い事","03-6914-0581","ガイド広告主"
"ハイタッチ小平小川教室（児童発達支援）","ハイタッチ小平小川教室（児童発達支援）","候補","習い事","042-537-8653","ガイド広告主"
"学研スクエア 花小金井駅前いなげや教室","小平市花小金井 いなげや2階","候補","習い事","0120-415-861","本部の番号。教室で直接が早い"
"カルチャースタジオ花","カルチャースタジオ花","候補","習い事","","協賛 L6。徒歩圏"
"公文式 花小金井駅北口教室","公文式 花小金井駅北口教室","候補","習い事","",""
"公文式 花小金井駅南教室","公文式 花小金井駅南教室","候補","習い事","",""
"公文式 花小金井6丁目教室","公文式 花小金井6丁目教室","候補","習い事","",""
"公文式 小平五小南教室","公文式 小平五小南教室","候補","習い事","",""
"スタジオタカノ 小平店","小平市鈴木町1-206-3","候補","写真館","042-342-8830","水・木定休"
"フォトスタジオ ムーピー","小平市学園東町2-14-16","候補","写真館","042-349-2833",""
"コフレ小平STUDIO","小平市仲町361","候補","写真館","",""
"熊野宮","小平市仲町361","候補","神社","042-344-0638",""
"小平神明宮（森写真館）","小平神明宮（森写真館）","候補","神社","",""
"田無神社","西東京市","候補","神社","","西東京"
"ホームメイトFC花小金井店","ホームメイトFC花小金井店","候補","不動産","042-452-6414","ガイド広告主"
"藤友コーポレーション","藤友コーポレーション","候補","不動産","042-316-5142","ガイド広告主"
"ことぶき不動産","ことぶき不動産","候補","不動産","","協賛 L7"
"トーショー交通（マタニティタクシー）","トーショー交通（マタニティタクシー）","候補","その他","0120-528-963","ガイド広告主"
"こだキッズタウン（10/31 小平第六小）","小平市小川東町3-1-2","候補","イベント","","協賛欄に のま整骨院・Socio-Craft・ar"
"のま整骨院","のま整骨院","候補","お店","",""
"Socio-Craft","Socio-Craft","候補","お店","",""
"ar【アール】","ar【アール】","候補","お店","",""
"新小平マーケット","新小平マーケット","候補","イベント","",""
"花小金井夜市","小平市花小金井駅北口広場","候補","イベント","",""
"コインランドリー（子連れが待つ）","コインランドリー（子連れが待つ）","候補","お店","",""
